60b3d88ceb843,0004,1550,"18:25:16 30-05-2021",
60b6d92d8d931,0002,44,"01:04:45 02-06-2021"
60b6d931614dc,0002,49,"01:04:49 02-06-2021"
60b6d96bc06a3,0002,44,"01:05:47 02-06-2021"
60b6d9adb3b32,0001,119,"01:06:53 02-06-2021"
60b6d9e61803a,0001,125,"01:07:50 02-06-2021"
60b6d9f483996,0001,152,"01:08:04 02-06-2021"
60b6dac24efac,0002,44,"01:11:30 02-06-2021"
60b6dacb6c789,0002,54,"01:11:39 02-06-2021"
60b6daf7c2b8e,0002,44,"01:12:23 02-06-2021"
60b6dafea3cbb,0002,52,"01:12:30 02-06-2021"
60b6dc2e1268a,0003,30,"01:17:34 02-06-2021"
60b6dc5713237,0004,107,"01:18:15 02-06-2021"
60b6dc5fc651c,0004,107,"01:18:23 02-06-2021"
60b6dc6989ed0,0004,118,"01:18:33 02-06-2021"
60b6dc7452f0e,0004,143,"01:18:44 02-06-2021"
60b6df25b5699,0001,131,"01:30:13 02-06-2021"
60b75df8aade8,0002,333,"10:31:20 02-06-2021"
60b7967c9c7be,0001,145,"14:32:28 02-06-2021"
60b798df9597b,0001,160,"14:42:39 02-06-2021"
60b79922c75fc,0001,185,"14:43:46 02-06-2021"
60b79936ce40b,0004,174,"14:44:06 02-06-2021"
60b799dea7aa4,0004,202,"14:46:54 02-06-2021"
60b799ece5325,0001,225,"14:47:08 02-06-2021"
60b79b069017e,0001,248,"14:51:50 02-06-2021"
60bcbed5e076a,0002,367,"12:25:57 06-06-2021"
60bd41182fe3f,60bd40b031b6c,25,"21:41:44 06-06-2021"
60bdefc684b61,0003,28,"10:07:02 07-06-2021"
60bdf2aea03fb,0002,404,"10:19:26 07-06-2021"
60be10516fe1f,0002,40,"12:25:53 07-06-2021"
60be20201b705,0001,287,"13:33:20 07-06-2021"
60be21dc34071,0001,332,"13:40:44 07-06-2021"
60be22724a8e0,60be21800711b,43,"13:43:14 07-06-2021"
60be22b2411a5,0001,366,"13:44:18 07-06-2021"
60be22c22f4ee,60be21800711b,43,"13:44:34 07-06-2021"
60be5429a094c,0002,44,"17:15:21 07-06-2021"
60be55370fc5f,0001,424,"17:19:51 07-06-2021"
60be5540d5345,0001,424,"17:20:00 07-06-2021"
60be555af3104,0001,467,"17:20:26 07-06-2021"
60be555e7774f,0001,514,"17:20:30 07-06-2021"
60be557c421c7,0001,566,"17:21:00 07-06-2021"
60c232d3b58c0,0001,623,"15:42:11 10-06-2021"
60c23814d4a04,60c2374049acc,9,"16:04:36 10-06-2021"
60c238219fb6e,60c2374049acc,10,"16:04:49 10-06-2021"
60c23885b05d1,60c2374049acc,11,"16:06:29 10-06-2021"
60c2388bad028,60c2374049acc,13,"16:06:35 10-06-2021"
60c29e0a9a13a,60c2374049acc,16,2021-06-10T23:19:38+00:00
60c29e3ede2fc,60c2374049acc,20,2021-06-10T23:20:30+00:00
60c2a23a19495,0001,686,2021-06-10T23:37:30+00:00
60c368af0e876,0001,793,2021-06-11T13:44:15+00:00
60c395dd8f07e,60c29e906d475,6,2021-06-11T16:57:01+00:00
60c397a11b3f0,0002,49,2021-06-11T17:04:33+00:00
60c62abd9677e,0002,54,2021-06-13T15:56:45+00:00
60c62b6c80fd5,0002,60,2021-06-13T15:59:40+00:00
60c62cfccbe72,0001,873,2021-06-13T16:06:20+00:00
